Title,Date,Activity Type,Tag,Rank,Steps,Distance [km],Time [hh:mm'ss"],Pace [mm'ss"/km],Speed [km/h],Cadence [step/min],Stride [cm],Clories [kcal],Avg. HR [num/min],Max. HR [num/min]	,Min. HR [num/min],Weather,Temperature [℃],Notes,TrainingEffect,Ascent [m],Descent [m]
"workout 1",2018/03/10,Run,training,,13820,15.091,1:24'51",5'37",,162,107,1067,157,,,,,,5.0,185,207
"workout 2",2018/03/11,Run,training,,4704,5.342,0:28'26",5'19",,166,111,342,152,,,,,,3.8,59,82
"workout 3",2018/03/14,Run,training,,4687,5.308,0:28'5",5'17",,167,112,356,157,,,,,,4.0,71,59
"workout 4",2018/03/17,Run,training,,13825,15.291,1:23'54",5'29",,164,108,1039,155,,,,,,5.0,205,208
"workout 5",2018/03/18,Run,training,,4748,5.422,0:28'12",5'12",,167,111,349,153,,,,,,3.8,61,61
"workout 6",2018/03/24,Run,training,,4807,5.533,0:28'44",5'11",,167,109,348,152,,,,,,3.6,50,54
"workout 7",2018/03/25,Run,training,,4748,5.356,0:28'46",5'22",,167,109,343,150,,,,,,3.6,82,89
"workout 8",2018/03/31,Run,training,,14621,15.097,1:30'15",5'58",,161,102,1050,147,,,,,,3.9,170,189
"workout 9",2018/04/01,Run,training,,4766,5.378,0:28'43",5'20",,165,111,343,150,,,,,,3.5,52,65
"workout 10",2018/04/07,Run,training,,14619,15.056,1:29'25",5'56",,163,102,1072,151,,,,,,4.6,204,205
"workout 12",2018/04/08,Run,training,,5010,5.387,0:29'55",5'33",,167,105,340,141,,,,,,3.2,72,84
"workout 11",2018/04/14,Run,training,,4840,5.397,0:29'18",5'25",,166,107,363,154,,,,,,3.7,44,63
"workout 13",2018/04/15,Run,training,,9012,10.012,0:55'3",5'29",,165,108,699,159,,,,,,5.0,195,202
"workout 14",2018/04/21,Run,training,,9309,10.278,0:57'9",5'33",,163,109,694,154,,,,,,4.7,128,126
"workout 15",2018/04/22,Run,training,,9747,10.267,0:59'45",5'49",,162,104,730,155,,,,,,5.0,154,147
"workout 16",2018/04/28,Run,training,,9388,10.256,0:57'10",5'34",,163,107,708,156,,,,,,4.7,132,136
"workout 17",2018/04/29,Run,training,,9581,10.219,0:58'20",5'42",,164,105,685,150,,,,,,4.4,130,143
"workout 18",2018/04/30,Run,training,,9402,10.289,0:57'18",5'34",,163,107,672,150,,,,,,4.1,168,163
"workout 19",2018/05/01,Run,training,,4423,5.365,0:26'11",4'52",,169,118,331,158,,,,,,3.6,58,74
"workout 20",2018/05/03,Run,training,,4871,5.441,0:29'32",5'25",,164,109,320,141,,,,,,3.1,52,54
"workout 21",2018/05/04,Run,training,,4770,5.4,0:27'59",5'10",,170,113,319,145,,,,,,3.1,65,78
"workout 22",2018/05/05,Run,training,,4963,5.394,0:30'5",5'34",,165,107,331,142,,,,,,3.1,59,54
"workout 23",2018/05/18,Run,training,,9316,10.232,0:57'24",5'36",,162,108,775,166,,,,,,5.0,147,148
"workout 24",2018/05/20,Run,training,,9107,10.221,0:56'19",5'30",,163,109,710,157,,,,,,4.8,87,92
"workout 25",2018/05/24,Run,training,,5033,5.454,0:30'36",5'36",,164,106,361,149,,,,,,3.4,51,53
"workout 26",2018/05/27,Run,training,,8972,10.245,0:54'30",5'19",,164,111,674,155,,,,,,4.6,122,122
"workout 27",2018/06/03,Run,training,,14259,15.081,1:27'28",5'47",,162,105,1087,155,,,,,,5.0,172,180
"workout 28",2018/06/07,Run,training,,4561,5.412,0:26'57",4'58",,169,115,338,156,,,,,,3.7,42,58
"workout 29",2018/06/10,Run,training,,14125,15.332,1:24'16",5'29",,167,107,1016,151,,,,,,5.0,151,152
"workout 30",2018/06/12,Run,training,,4540,5.411,0:26'54",4'58",,168,116,337,157,,,,,,3.6,54,61
"workout 31",2018/06/17,Run,training,,13449,15.044,1:20'2",5'19",,167,110,994,155,,,,,,5.0,196,203
"workout 32",2018/06/23,Run,training,,4699,5.448,0:28'6",5'9",,167,114,334,149,,,,,,3.4,48,56
"workout 33",2018/06/24,Run,training,,14859,15.584,1:30'16",5'47",,165,105,1091,152,,,,,,4.5,180,203
"workout 34",2018/06/25,Run,training,,4516,5.399,0:27'4",5'0",,166,117,351,160,,,,,,3.9,82,75
"workout 35",2018/06/27,Run,training,,4794,5.395,0:29'24",5'26",,164,110,365,155,,,,,,3.6,70,62
"workout 36",2018/06/30,Run,training,,11826,12.109,1:13'2",6'1",,162,101,879,152,,,,,,4.7,138,153
"workout 37",2018/07/01,Run,training,,5236,5.356,0:31'28",5'52",,166,101,338,139,,,,,,3.0,67,70
"workout 38",2018/07/07,Run,training,,6614,7.073,0:40'5",5'40",,164,104,488,153,,,,,,3.9,93,96
"workout 39",2018/07/08,Run,training,,15016,15.575,1:32'49",5'57",,164,102,1092,149,,,,,,4.7,186,204
"workout 40",2018/07/12,Run,training,,4620,5.394,0:27'2",5'0",,171,113,337,155,,,,,,3.6,70,72
"workout 41",2018/07/15,Run,training,,5707,6.016,0:33'58",5'38",,167,104,422,144,,,,,,3.2,62,74
"workout 42",2018/07/16,Run,training,,10458,11.006,1:3'55",5'48",,164,102,733,146,,,,,,4.0,131,145
"workout 43",2018/07/18,Run,training,,4540,5.371,0:26'31",4'56",,171,116,341,159,,,,,,3.8,73,87
"workout 44",2018/07/21,Run,training,,10346,10.89,1:2'29",5'44",,165,104,722,146,,,,,,3.7,117,131
"workout 45",2018/07/22,Run,training,,9404,10.241,0:56'44",5'32",,166,106,664,148,,,,,,4.0,90,115
"workout 46",2018/07/23,Run,training,,4609,5.379,0:27'7",5'2",,170,114,334,154,,,,,,3.5,82,84
"workout 47",2018/07/25,Run,training,,4718,5.424,0:27'43",5'6",,170,112,321,147,,,,,,3.2,54,73
"workout 48",2018/07/27,Run,training,,4459,5.395,0:26'38",4'56",,170,117,341,146,,,,,,3.0,45,62
"workout 49",2018/07/29,Run,training,,5815,5.959,0:35'30",5'57",,163,104,388,140,,,,,,3.1,75,93
"workout 50",2018/07/30,Run,training,,4944,5.41,0:29'20",5'25",,168,107,331,143,,,,,,3.2,56,61
"workout 51",2018/08/04,Run,training,,9757,10.265,0:58'34",5'42",,166,103,703,150,,,,,,4.3,114,116
"workout 52",2018/08/05,Run,training,,15068,15.052,1:32'5",6'7",,163,99,1110,150,,,,,,4.7,179,198
"workout 53",2018/08/08,Run,training,,4531,5.336,0:26'36",4'59",,170,115,332,155,,,,,,3.5,50,56
"workout 54",2018/08/10,Run,training,,14525,15.079,1:28'34",5'52",,163,99,1096,153,,,,,,5.0,161,176
"workout 55",2018/08/11,Run,training,,5673,6.074,0:33'47",5'33",,167,103,378,142,,,,,,3.2,111,67
"workout 56",2018/08/15,Run,training,,20811,21.209,2:7'14",5'59",,163,101,1471,145,,,,,,3.5,259,267
"workout 57",2018/08/17,Run,training,,8928,10.283,0:52'40",5'7",,169,113,667,155,,,,,,4.4,93,95
"workout 58",2018/08/18,Run,training,,9415,10.305,0:56'24",5'28",,166,107,650,144,,,,,,3.5,112,114
"workout 59",2018/08/19,Run,training,,9860,10.303,0:59'9",5'44",,166,104,644,138,,,,,,3.1,107,122
"workout 60",2018/08/20,Run,training,,4503,5.442,0:26'14",4'49",,171,119,323,152,,,,,,3.3,47,52
"workout 61",2018/08/25,Run,training,,9423,10.224,0:57'2",5'34",,165,107,724,155,,,,,,4.5,124,119
"workout 62",2018/08/26,Run,training,,5659,6.182,0:32'46",5'18",,172,108,389,147,,,,,,3.4,74,76
"workout 63",2018/09/01,Run,training,,10311,11.141,1:2'29",5'36",,166,105,739,147,,,,,,4.0,170,165
"workout 64",2018/09/02,Run,training,,9390,10.265,0:55'2",5'21",,170,108,652,147,,,,,,4.1,113,111
"workout 65",2018/09/04,Run,training,,5429,6.25,0:31'54",5'6",,169,112,408,156,,,,,,3.8,63,74
"workout 66",2018/09/08,Run,training,,14830,15.611,1:30'7",5'46",,165,104,1151,155,,,,,,5.0,185,189
"workout 67",2018/09/12,Run,training,,5325,6.046,0:30'55",5'6",,172,111,368,148,,,,,,3.4,39,49
"workout 68",2018/09/15,Run,training,,5050,6.02,0:29'10",4'50",,172,115,379,159,,,,,,4.0,60,59
"workout 69",2018/09/16,Run,training,,10367,11.039,1:2'50",5'41",,166,104,696,141,,,,,,3.7,103,140
"workout 70",2018/09/17,Run,training,,5672,6.032,0:33'38",5'34",,168,105,372,140,,,,,,3.2,70,76
"workout 71",2018/09/22,Run,training,,5330,6.073,0:31'39",5'12",,169,111,400,153,,,,,,3.8,56,64
"workout 72",2018/09/23,Run,training,,10540,11.114,1:2'27",5'37",,168,105,707,141,,,,,,3.4,129,125
"workout 73",2018/09/24,Run,training,,10798,11.244,1:4'43",5'45",,166,103,705,141,,,,,,3.5,122,125
"workout 74",2018/09/28,Run,training,,5309,6.299,0:31'4",4'55",,170,115,373,148,,,,,,3.5,57,64
"workout 75",2018/10/03,Run,training,,5349,6.338,0:31'38",4'59",,168,114,390,153,,,,,,3.8,69,68
"workout 76",2018/10/07,Run,training,,10467,11.141,1:2'16",5'35",,168,106,695,143,,,,,,3.9,100,112
"workout 77",2018/10/08,Run,training,,14769,15.545,1:28'54",5'43",,166,104,971,141,,,,,,3.7,163,172
"workout 78",2018/10/11,Run,training,,4531,5.462,0:26'46",4'54",,169,115,337,156,,,,,,3.7,53,54
"workout 79",2018/10/14,Run,training,,10056,11.046,1:1'4",5'31",,164,108,698,146,,,,,,4.0,100,122
"workout 81",2018/10/18,Run,training,,5692,6.177,0:34'41",5'36",,166,106,396,146,,,,,,3.5,71,70
"workout 80",2018/10/20,Run,training,,5708,6.198,0:34'10",5'30",,167,107,410,153,,,,,,3.8,83,81
"workout 82",2018/10/21,Run,Half Marathon,,21001,21.022,2:9'16",6'8",,162,100,1646,159,,,"Sunny","","足がつった",5.0,321,328
"workout 83",2018/10/25,Run,training,,4724,5.368,0:28'1",5'13",,168,110,328,154,,,,,,3.5,47,48
"workout 84",2018/10/27,Run,training,,10048,11.067,1:1'11",5'31",,166,108,697,151,,,,,,4.5,89,97
"workout 85",2018/10/28,Run,training,,9733,10.243,0:57'56",5'39",,168,104,619,144,,,,,,3.7,95,105
"workout 86",2018/10/30,Run,training,,4610,5.443,0:27'11",4'59",,169,113,320,155,,,,,,3.5,57,55
"workout 87",2018/11/02,Run,training,,5326,6.123,0:31'24",5'7",,169,113,359,152,,,,,,3.5,68,65
"workout 88",2018/11/03,Run,Other,,5452,6.249,0:31'46",5'5",,171,113,355,149,,,,"","",3.4,84,98
"workout 89",2018/11/04,Run,training,,14232,15.579,1:26'24",5'32",,167,107,935,146,,,,,,4.0,142,150
"workout 90",2018/11/07,Run,training,,5347,6.039,0:31'28",5'12",,169,111,357,151,,,,,,3.5,61,81
"workout 91",2018/11/10,Run,training,,9648,11.078,0:57'1",5'8",,170,112,651,152,,,,,,4.2,116,116
"workout 92",2018/11/11,Run,training,,9798,11.076,0:58'14",5'15",,170,110,628,146,,,,,,3.9,97,118
"workout 93",2018/11/14,Run,training,,5298,6.307,0:30'55",4'54",,171,115,368,157,,,,,,3.8,52,69
"workout 94",2018/11/18,Run,training,,10421,11.071,1:1'59",5'35",,168,105,678,147,,,,,,3.8,125,131
"workout 95",2018/11/23,Run,training,,10347,11.069,1:1'33",5'33",,168,106,632,141,,,,,,3.5,129,134
"workout 96",2018/11/24,Run,training,,10138,11.027,1:0'1",5'26",,168,107,703,154,,,,,,4.4,89,91
"workout 97",2018/11/25,Run,training,,10412,11.142,1:1'39",5'32",,168,106,689,149,,,,,,4.0,115,111
"workout 98",2018/12/02,Run,Half Marathon,,20534,21.258,2:2'51",5'46",,167,102,1466,157,,,,"","",5.0,223,222
"workout 99",2018/12/06,Run,training,,4693,5.416,0:27'55",5'9",,169,110,333,156,,,,,,3.7,44,48
"workout 100",2018/12/16,Run,training,,8467,10.144,0:49'25",4'52",,172,118,626,169,,,,,,5.0,120,117
"workout 101",2018/12/19,Run,training,,5469,6.206,0:32'26",5'13",,170,110,364,156,,,,,,3.9,51,58
"workout 102",2018/12/20,Run,training,,5760,6.299,0:35'51",5'41",,163,107,393,153,,,,,,3.8,67,62
"workout 103",2018/12/23,Run,training,,10476,11.088,1:3'14",5'42",,167,103,676,148,,,,,,4.4,132,155
"workout 104",2018/12/24,Run,training,,10828,11.205,1:6'24",5'55",,165,100,701,148,,,,,,4.3,124,149
"workout 106",2018/12/27,Run,training,,5910,6.201,0:35'24",5'42",,168,103,373,149,,,,,,3.6,63,91
"workout 105",2018/12/28,Run,training,,5451,5.392,0:33'34",6'13",,165,98,389,165,,,,,,4.2,62,85
"workout 107",2018/12/29,Run,training,,9787,10.22,1:0'32",5'55",,164,100,705,160,,,,,,4.7,107,108
"workout 108",2018/12/30,Run,training,,10410,10.247,1:3'40",6'12",,165,96,686,152,,,,,,4.3,124,116
"workout 109",2019/01/03,Run,training,,10117,11.27,1:1'46",5'28",,169,105,646,149,,,,,,4.2,126,117
"workout 110",2019/01/04,Run,training,,10033,11.266,0:59'48",5'18",,171,108,628,149,,,,,,4.0,105,89
"workout 111",2019/01/05,Run,training,,10357,11.222,1:2'31",5'34",,168,104,638,146,,,,,,3.8,103,105
"workout 112",2019/01/06,Run,training,,10302,11.158,1:1'34",5'31",,168,104,627,146,,,,,,3.6,93,94
"workout 113",2019/01/11,Run,training,,4706,5.4,0:27'48",5'8",,170,110,312,155,,,,,,3.5,56,54
"workout 114",2019/01/12,Run,training,,14132,15.768,1:24'38",5'22",,169,108,953,156,,,,,,5.0,171,154
"workout 115",2019/01/13,Run,training,,10092,11.154,0:59'44",5'21",,171,108,629,149,,,,,,3.8,120,132
"workout 116",2019/01/14,Run,training,,9568,11.19,0:56'46",5'4",,171,112,617,153,,,,,,4.1,93,102
"workout 117",2019/01/18,Run,training,,4547,5.407,0:27'19",5'3",,171,113,296,152,,,,,,3.4,60,47
"workout 118",2019/01/19,Run,training,,9509,11.217,0:56'11",5'0",,171,114,620,154,,,,,,4.2,108,104
"workout 119",2019/01/20,Run,training,,10101,11.198,0:59'54",5'20",,170,108,629,147,,,,,,3.8,125,113
"workout 120",2019/01/24,Run,training,,4634,5.393,0:27'26",5'5",,171,112,289,149,,,,,,3.3,43,48
"workout 121",2019/01/26,Run,training,,9574,11.176,0:56'39",5'4",,169,113,603,150,,,,,,3.9,102,100
"workout 122",2019/01/27,Run,training,,10004,11.18,0:59'27",5'19",,170,109,615,148,,,,,,3.7,101,106
"workout 123",2019/02/02,Run,training,,10771,12.063,1:3'29",5'15",,169,110,708,155,,,,,,4.6,114,132
"workout 124",2019/02/03,Run,training,,10661,12.332,1:2'54",5'6",,171,112,679,152,,,,,,4.3,126,113
"workout 125",2019/02/07,Run,training,,4695,5.517,0:27'34",4'59",,172,112,294,149,,,,,,3.4,70,59
"workout 126",2019/02/09,Run,training,,10256,12.245,1:1'14",5'0",,172,113,680,155,,,,,,4.8,111,118
"workout 127",2019/02/10,Run,training,,14418,15.434,1:25'29",5'32",,170,105,874,146,,,,,,4.0,152,154
"workout 128",2019/02/11,Run,training,,10145,11.178,1:0'3",5'22",,170,107,616,147,,,,,,3.9,127,196
"workout 129",2019/02/15,Run,training,,4677,5.523,0:27'14",4'55",,173,113,285,148,,,,,,3.3,79,53
"workout 130",2019/02/17,Run,training,,10793,12.198,1:3'44",5'13",,171,110,665,148,,,,,,4.1,120,111
"workout 131",2019/02/23,Run,training,,9721,11.206,0:58'32",5'13",,170,111,632,152,,,,,,4.2,112,123
"workout 132",2019/02/24,Run,training,,10013,11.192,0:58'18",5'12",,172,109,624,151,,,,,,4.1,130,133
"workout 133",2019/02/27,Run,training,,4710,5.473,0:27'29",5'1",,171,112,299,152,,,,,,3.4,70,67
"workout 134",2019/03/03,Run,training,,5947,6.841,0:34'59",5'6",,171,112,351,145,,,,,,3.4,86,79
"workout 135",2019/03/07,Run,training,,4683,5.521,0:27'36",4'59",,170,114,300,153,,,,,,3.6,62,88
"workout 136",2019/03/10,Run,Half Marathon,,18422,21.121,1:52'25",5'19",,167,111,1253,155,,,"Rain","","松阪シティマラソン",5.0,177,185
"workout 137",2019/03/14,Run,training,,4592,5.521,0:26'46",4'50",,172,114,309,158,,,,,,3.9,59,84
"workout 138",2019/03/17,Run,training,,11013,12.674,1:5'13",5'8",,171,112,686,149,,,,,,4.4,104,107
"workout 139",2019/03/20,Run,training,,4560,5.513,0:26'48",4'51",,172,115,282,149,,,,,,3.4,59,64
"workout 140",2019/03/21,Run,training,,9339,10.661,0:54'53",5'8",,170,111,561,146,,,,,,3.8,100,99
"workout 141",2019/03/23,Run,training,,9383,10.525,0:55'14",5'14",,169,111,603,153,,,,,,4.3,84,95
"workout 142",2019/03/24,Run,training,,9374,10.743,0:55'31",5'10",,171,111,565,146,,,,,,3.8,85,84
"workout 143",2019/03/27,Run,training,,4389,5.286,0:25'23",4'48",,173,115,273,150,,,,,,3.3,91,111
"workout 144",2019/03/30,Run,training,,9149,10.575,0:54'53",5'11",,168,111,577,149,,,,,,4.1,88,98
"workout 145",2019/03/31,Run,training,,9758,10.695,0:57'44",5'23",,170,107,557,141,,,,,,3.6,89,97
"workout 146",2019/04/01,Run,training,,4856,5.489,0:28'25",5'10",,170,109,287,145,,,,,,3.2,95,51
"workout 147",2019/04/06,Run,training,,9699,10.952,0:57'56",5'17",,170,109,607,149,,,,,,4.0,111,101
"workout 148",2019/04/07,Run,training,,11322,12.701,1:6'12",5'12",,172,109,654,143,,,,,,3.8,123,142
"workout 149",2019/04/17,Run,training,,4625,5.521,0:27'22",4'57",,171,114,299,150,,,,,,3.5,61,47
"workout 150",2019/04/19,Run,training,,4488,5.534,0:26'3",4'42",,173,118,304,157,,,,,,3.7,63,47
"workout 151",2019/04/20,Run,training,,8866,10.674,0:53'1",4'58",,170,115,572,150,,,,,,4.3,95,131
"workout 152",2019/04/26,Run,training,,4710,5.774,0:27'48",4'48",,171,115,286,145,,,,,,3.3,54,62
"workout 153",2019/04/27,Run,training,,9361,10.746,0:54'58",5'6",,171,112,582,148,,,,,,4.3,111,117
"workout 154",2019/04/29,Run,training,,9088,10.617,0:53'32",5'2",,169,114,576,146,,,,,,4.1,108,107
"workout 155",2019/05/02,Run,training,,9523,10.609,0:56'20",5'18",,168,111,621,148,,,,,,4.2,113,117
"workout 156",2019/05/03,Run,training,,10030,11.139,0:59'5",5'18",,169,110,613,143,,,,,,3.8,106,107
"workout 157",2019/05/04,Run,training,,4954,5.513,0:29'3",5'16",,170,109,290,139,,,,,,3.0,77,75
"workout 158",2019/05/05,Run,training,,5111,5.945,0:29'20",4'56",,174,114,303,142,,,,,,3.2,42,50
"workout 159",2019/05/06,Run,training,,8929,10.265,0:51'44",5'2",,172,114,538,143,,,,,,3.7,90,99
"workout 160",2019/05/12,Run,training,,9639,10.737,0:56'20",5'14",,170,110,604,146,,,,,,4.0,98,108
"workout 161",2019/05/13,Run,training,,4795,5.48,0:27'45",5'3",,172,111,303,148,,,,,,3.3,62,75
"workout 162",2019/05/18,Run,training,,8667,10.141,0:50'29",4'58",,171,116,589,155,,,,,,4.7,110,96
"workout 163",2019/05/19,Run,training,,9542,10.535,0:55'50",5'17",,170,109,592,145,,,,,,3.9,98,94
"workout 164",2019/05/22,Run,training,,4807,5.478,0:28'9",5'8",,170,111,285,140,,,,,,3.0,61,74
"workout 165",2019/05/26,Run,training,,8875,10.125,0:51'14",5'3",,173,114,520,146,,,,,,4.1,88,89
"workout 166",2019/05/27,Run,training,,4988,5.513,0:29'14",5'18",,170,108,268,137,,,,,,3.0,49,47
"workout 167",2019/05/30,Run,training,,9245,10.105,0:54'17",5'22",,170,109,580,152,,,,,,4.3,86,93
"workout 168",2019/06/01,Run,training,,5085,5.522,0:29'46",5'23",,170,108,297,145,,,,,,3.4,80,77
"workout 169",2019/06/02,Run,training,,14718,15.584,1:26'42",5'33",,169,105,842,142,,,,,,3.7,161,144
"workout 170",2019/06/04,Run,training,,4850,5.518,0:28'21",5'8",,170,111,289,145,,,,,,3.3,66,62
"workout 171",2019/06/06,Run,training,,4636,5.58,0:26'43",4'47",,173,116,289,151,,,,,,3.5,66,68
"workout 172",2019/06/09,Run,training,,14191,15.568,1:22'51",5'19",,171,109,824,143,,,,,,3.8,156,151
"workout 173",2019/06/10,Run,training,,4977,5.486,0:28'51",5'15",,172,108,283,141,,,,,,3.2,81,74
"workout 174",2019/06/16,Run,training,,14510,15.557,1:24'49",5'27",,171,107,821,140,,,,,,3.6,162,179
"workout 175",2019/06/19,Run,training,,4618,5.524,0:26'48",4'51",,172,117,299,154,,,,,,3.6,57,57
"workout 176",2019/06/23,Run,training,,14088,15.528,1:23'7",5'21",,169,109,876,148,,,,,,4.7,134,133
"workout 177",2019/06/25,Run,training,,4614,5.545,0:26'50",4'50",,171,116,296,153,,,,,,3.5,74,102
"workout 178",2019/06/28,Run,training,,4741,5.457,0:27'56",5'7",,169,114,305,152,,,,,,3.6,81,77
"workout 179",2019/06/29,Run,training,,4831,5.441,0:28'15",5'11",,170,113,325,157,,,,,,3.8,103,111
"workout 180",2019/06/30,Run,training,,5068,5.468,0:29'47",5'26",,170,106,283,141,,,,,,3.2,50,57
"workout 181",2019/07/05,Run,training,,4659,5.461,0:26'56",4'55",,172,114,282,150,,,,,,3.4,70,59
"workout 182",2019/07/06,Run,training,,9748,11.148,1:11'45",6'26",,135,94,670,151,,,,,,4.4,230,165
"workout 183",2019/07/10,Run,training,,4773,5.452,0:27'53",5'6",,171,109,284,146,,,,,,3.3,81,82
"workout 184",2019/07/13,Run,training,,9214,10.152,0:54'40",5'23",,168,109,580,151,,,,,,4.4,91,112
"workout 185",2019/07/15,Run,training,,5071,5.498,0:30'0",5'27",,168,107,286,141,,,,,,3.2,64,73
"workout 186",2019/07/20,Run,training,,4739,5.499,0:27'38",5'1",,171,114,296,152,,,,,,3.5,62,84
"workout 187",2019/07/21,Run,training,,9395,10.558,0:54'46",5'11",,171,111,593,153,,,,,,4.8,100,93
"workout 188",2019/07/22,Run,training,,4837,5.524,0:28'0",5'4",,172,112,281,146,,,,,,3.3,56,63
"workout 189",2019/07/24,Run,training,,4939,5.562,0:28'57",5'12",,170,110,285,144,,,,,,3.3,71,75
"workout 190",2019/07/25,Run,training,,4988,5.564,0:29'46",5'20",,167,108,277,139,,,,,,3.1,88,64
"workout 191",2019/07/28,Run,training,,14002,15.179,1:22'17",5'25",,170,108,848,150,,,,,,5.0,136,142
"workout 192",2019/07/29,Run,training,,9178,10.126,0:53'32",5'17",,171,109,524,143,,,,,,3.6,92,103
"workout 193",2019/07/30,Run,training,,4995,5.532,0:29'36",5'21",,168,108,282,141,,,,,,3.1,49,55
"workout 194",2019/08/02,Run,training,,4897,5.519,0:28'52",5'13",,169,110,289,142,,,,,,3.2,43,57
"workout 195",2019/08/03,Run,training,,6209,6.853,0:36'18",5'17",,170,109,365,143,,,,,,3.4,52,65
"workout 196",2019/08/04,Run,training,,6703,7.18,0:39'21",5'28",,170,106,386,140,,,,"","",3.4,53,69
"workout 197",2019/08/06,Run,training,,4782,5.486,0:27'45",5'3",,172,112,297,149,,,,,,3.3,61,51
"workout 198",2019/08/08,Run,training,,4989,5.518,0:29'29",5'20",,169,109,286,139,,,,,,3.0,94,100
"workout 199",2019/08/09,Run,training,,9184,10.073,0:53'49",5'20",,170,109,590,151,,,,,,4.2,77,91
"workout 200",2019/08/10,Run,training,,9361,10.13,0:54'13",5'21",,172,107,551,144,,,,,,3.8,83,87
"workout 202",2019/08/16,Run,training,,9441,10.059,0:55'27",5'30",,170,105,557,143,,,,,,3.6,83,97
"workout 201",2019/08/16,Run,training,,447,0.409,0:2'41",6'33",,164,90,21,122,,,,,,0.5,2,7
"workout 203",2019/08/17,Run,training,,9390,10.113,0:54'59",5'26",,170,107,529,144,,,,,,3.4,92,95
"workout 204",2019/08/19,Run,training,,9158,10.495,0:52'29",5'0",,174,113,575,157,,,,,,4.9,87,66
"workout 205",2019/08/21,Run,training,,4839,5.339,0:28'4",5'15",,172,109,268,143,,,,,,3.1,71,64
"workout 206",2019/08/24,Run,training,,4777,5.449,0:28'2",5'8",,170,110,299,149,,,,,,3.3,45,57
"workout 207",2019/08/25,Run,training,,8945,10.194,0:51'4",5'0",,174,112,540,148,,,,,,4.0,113,78
"workout 208",2019/08/27,Run,training,,4826,5.456,0:28'4",5'8",,171,111,276,141,,,,,,3.1,39,60
"workout 209",2019/08/29,Run,training,,4893,5.512,0:28'17",5'7",,172,112,277,140,,,,,,3.0,52,65
"workout 210",2019/08/31,Run,training,,8791,10.081,0:50'51",5'2",,172,114,527,146,,,,,,3.9,71,88
"workout 211",2019/09/01,Run,training,,14270,15.071,1:24'33",5'36",,168,105,898,149,,,,,,4.9,154,156
"workout 212",2019/09/03,Run,training,,4677,5.423,0:26'47",4'56",,174,113,284,149,,,,,,3.3,69,72
"workout 213",2019/09/06,Run,training,,4942,5.558,0:28'50",5'11",,171,110,275,139,,,,,,3.0,103,86
"workout 214",2019/09/07,Run,training,,6932,7.658,0:40'21",5'16",,171,108,406,144,,,,,,3.5,70,124
"workout 215",2019/09/10,Run,training,,4678,5.515,0:26'49",4'51",,174,115,283,149,,,,,,3.3,69,61
"workout 216",2019/09/12,Run,training,,4560,5.453,0:25'58",4'45",,175,116,286,153,,,,,,3.5,75,100
"workout 217",2019/09/14,Run,training,,9201,10.56,0:53'19",5'2",,172,113,607,156,,,,,,4.9,216,80
"workout 218",2019/09/15,Run,training,,9220,10.179,0:53'53",5'17",,171,109,553,146,,,,,,3.9,75,69
"workout 219",2019/09/18,Run,training,,4734,5.504,0:27'25",4'58",,172,113,279,145,,,,,,3.2,55,65
"workout 220",2019/09/20,Run,training,,8833,10.188,0:51'13",5'1",,172,114,538,148,,,,,,3.8,89,86
"workout 221",2019/09/28,Run,training,,9358,10.545,0:55'8",5'13",,169,111,581,148,,,,,,4.3,88,100
"workout 222",2019/09/29,Run,training,,9406,10.163,0:55'12",5'25",,170,107,555,144,,,,,,3.8,74,72
"workout 223",2019/10/02,Run,training,,4712,5.557,0:27'3",4'52",,174,113,286,148,,,,,,3.4,63,53
"workout 224",2019/10/05,Run,training,,9118,10.077,0:52'52",5'14",,172,110,601,156,,,,,,4.9,69,85
"workout 225",2019/10/06,Run,training,,9319,10.336,0:53'56",5'13",,172,110,556,146,,,,,,3.9,,
"workout 226",2019/10/13,Run,training,,9102,10.159,0:52'51",5'12",,172,111,635,161,,,,,,5.0,94,137
"workout 227",2019/10/14,Run,training,,4923,5.517,0:29'8",5'16",,168,110,303,144,,,,,,3.3,78,66
"workout 228",2019/10/16,Run,training,,4827,5.493,0:27'42",5'2",,174,111,296,146,,,,,,3.3,73,104
"workout 229",2019/10/28,Run,training,,4943,5.421,0:28'53",5'19",,171,109,313,149,,,,,,3.5,96,113
"workout 230",2019/10/30,Run,training,,4866,5.503,0:28'13",5'7",,172,111,314,151,,,,,,3.6,63,62
"workout 231",2019/11/03,Run,training,,9099,10.145,0:52'42",5'11",,172,111,557,147,,,,,,4.4,78,82
"workout 232",2019/11/04,Run,training,,8835,10.194,0:50'36",4'57",,174,114,582,155,,,,,,5.0,85,137
"workout 233",2019/11/09,Run,training,,14412,15.347,1:24'33",5'30",,170,105,930,151,,,,,,4.8,147,180
"workout 234",2019/11/10,Run,training,,5111,5.498,0:29'32",5'22",,172,107,312,146,,,,,,3.5,79,98
"workout 235",2019/11/14,Run,training,,5003,5.481,0:28'53",5'16",,173,107,306,147,,,,,,3.6,60,73
"workout 236",2019/11/17,Run,Half Marathon,,19712,21.135,1:56'53",5'31",,168,107,1317,153,,,,"","",5.0,300,298
"workout 237",2019/11/22,Run,training,,4871,5.552,0:27'32",4'57",,176,111,303,149,,,,,,3.5,59,68
"workout 238",2019/11/23,Run,training,,9229,10.14,0:53'5",5'14",,173,109,607,154,,,,,,4.6,74,91
"workout 239",2019/11/25,Run,training,,4618,5.269,0:26'18",4'59",,175,111,277,146,,,,,,3.3,47,70
"workout 240",2019/11/28,Run,training,,4928,5.436,0:28'28",5'14",,173,110,281,140,,,,,,3.1,44,51
"workout 241",2019/11/30,Run,training,,9273,10.111,0:53'5",5'15",,174,108,572,149,,,,,,4.0,79,103
"workout 242",2019/12/04,Run,training,,2013,2.109,0:11'25",5'24",,175,102,105,134,,,,,,2.2,37,24
"workout 243",2019/12/08,Run,training,,9735,10.168,0:56'22",5'32",,172,103,587,145,,,,,,4.0,89,101
"workout 244",2019/12/11,Run,training,,4708,5.206,0:26'54",5'10",,174,109,283,146,,,,,,3.3,148,190
"workout 245",2019/12/15,Run,training,,9082,10.057,0:51'8",5'5",,177,111,588,156,,,,"","鈴鹿シティマラソン",5.0,135,133
"workout 246",2019/12/22,Run,training,,5070,5.199,0:29'58",5'45",,169,104,286,137,,,,,,3.2,90,72
"workout 247",2019/12/24,Run,training,,4559,5.317,0:26'0",4'53",,175,112,290,151,,,,,,3.7,76,112
"workout 248",2019/12/28,Run,training,,4568,5.066,0:26'14",5'10",,173,108,290,150,,,,,,3.6,63,88
"workout 249",2019/12/29,Run,training,,9463,10.053,0:55'20",5'30",,170,105,570,144,,,,,,4.1,88,88
"workout 250",2020/01/04,Run,training,,9131,10.136,0:52'36",5'11",,173,109,588,152,,,,,,4.5,92,103
"workout 251",2020/01/05,Run,training,,8814,10.164,0:50'9",4'56",,175,113,568,154,,,,,,4.5,96,116
"workout 252",2020/01/10,Run,training,,4491,5.259,0:25'46",4'53",,174,114,284,151,,,,,,3.5,104,113
"workout 253",2020/01/11,Run,training,,8806,10.127,0:50'18",4'58",,174,114,553,150,,,,,,4.2,98,107
"workout 254",2020/01/12,Run,training,,8694,10.166,0:49'50",4'54",,174,115,555,152,,,,,,4.3,88,114
"workout 255",2020/01/13,Run,training,,9145,10.088,0:52'52",5'14",,172,110,566,148,,,,,,4.0,92,98
"workout 256",2020/01/19,Run,training,,8868,10.166,0:51'4",5'1",,173,113,572,152,,,,,,4.4,153,170
"workout 257",2020/01/20,Run,training,,4594,5.128,0:26'23",5'8",,174,112,280,147,,,,,,3.2,75,80
"workout 258",2020/01/24,Run,training,,4581,5.26,0:26'25",5'1",,173,113,296,151,,,,,,3.4,64,67
"workout 259",2020/01/25,Run,training,,4517,5.268,0:25'45",4'53",,175,114,299,156,,,,,,3.6,89,97
"workout 260",2020/01/31,Run,training,,4665,5.262,0:27'28",5'13",,169,111,315,155,,,,,,3.6,81,89
"workout 261",2020/02/01,Run,training,,9336,10.1,0:54'7",5'21",,172,108,623,155,,,,,,4.6,69,79
"workout 262",2020/02/02,Run,training,,9087,10.119,0:52'43",5'12",,172,110,608,156,,,,,,4.6,90,111
"workout 263",2020/02/04,Run,training,,4621,5.242,0:26'37",5'4",,173,112,296,152,,,,,,3.4,94,93
"workout 264",2020/02/06,Run,training,,4729,5.297,0:27'40",5'13",,170,110,297,148,,,,,,3.3,68,82
"workout 265",2020/02/08,Run,training,,8764,10.203,0:49'43",4'52",,176,115,560,153,,,,,,4.4,74,84
"workout 266",2020/02/09,Run,training,,8937,10.147,0:51'13",5'2",,174,112,579,153,,,,,,4.3,85,80
"workout 267",2020/02/11,Run,training,,8544,10.05,0:48'47",4'51",,175,117,560,155,,,,,,4.4,17,26
"workout 268",2020/02/15,Run,training,,9080,10.155,0:53'5",5'13",,170,111,565,147,,,,,,3.9,67,79
"workout 269",2020/02/17,Run,training,,4456,5.339,0:25'39",4'48",,173,113,286,152,,,,,,3.4,56,132
"workout 270",2020/02/20,Run,training,,4533,5.258,0:26'5",4'57",,173,112,284,150,,,,,,3.3,65,86
"workout 271",2020/02/23,Run,training,,9093,10.105,0:52'14",5'10",,174,110,550,146,,,,,,3.8,93,108
"workout 272",2020/02/28,Run,training,,4627,5.278,0:26'52",5'5",,172,111,276,144,,,,,,3.1,41,71
"workout 273",2020/03/01,Run,training,,9084,10.158,0:52'41",5'11",,172,111,562,147,,,,,,4.1,93,102
"workout 274",2020/03/03,Run,training,,4435,5.287,0:25'40",4'51",,172,114,286,152,,,,,,3.4,37,66
"workout 275",2020/03/07,Run,training,,8947,10.118,0:51'22",5'4",,174,111,581,153,,,,,,4.4,81,113
"workout 276",2020/03/09,Run,training,,8700,10.071,0:49'38",4'55",,175,114,581,157,,,,,,4.8,64,95
"workout 277",2020/03/12,Run,training,,4590,5.265,0:26'30",5'2",,173,113,297,151,,,,,,3.5,63,74
"workout 278",2020/03/15,Run,training,,8763,10.095,0:50'2",4'57",,175,114,566,154,,,,,,4.5,71,70
"workout 279",2020/03/18,Run,training,,4642,5.295,0:26'45",5'3",,173,111,277,144,,,,,,3.2,52,96
"workout 280",2020/03/20,Run,training,,8815,10.195,0:50'50",4'59",,173,113,616,162,,,,,,5.0,114,94
"workout 281",2020/03/21,Run,training,,9765,10.204,0:57'51",5'40",,168,105,577,141,,,,,,3.5,79,90
"workout 282",2020/03/22,Run,training,,9185,10.109,0:53'32",5'17",,171,108,577,148,,,,,,4.1,98,105
"workout 283",2020/03/26,Run,training,,4631,5.324,0:27'4",5'5",,171,112,302,149,,,,,,3.4,51,76
"workout 284",2020/04/04,Run,training,,10143,11.116,1:0'30",5'26",,167,108,673,152,,,,,,4.4,154,121
"workout 285",2020/04/05,Run,training,,10897,12.096,1:3'16",5'13",,172,110,732,156,,,,,,5.0,127,168
"workout 286",2020/04/09,Run,training,,4853,5.352,0:28'15",5'16",,171,109,321,154,,,,,,3.6,59,63
"workout 287",2020/04/10,Run,training,,5144,5.753,0:29'51",5'11",,172,111,342,155,,,,,,3.7,29,47
"workout 288",2020/04/11,Run,training,,11723,13.114,1:8'55",5'15",,170,110,831,161,,,,,,5.0,172,189
"workout 289",2020/04/12,Run,training,,10510,11.775,1:0'57",5'10",,172,111,710,157,,,,,,4.8,118,129
"workout 290",2020/04/14,Run,training,,4804,5.523,0:27'41",5'0",,173,113,323,159,,,,,,3.6,76,112
"workout 291",2020/04/15,Run,training,,4861,5.488,0:28'0",5'6",,173,112,315,152,,,,,,3.4,50,74
"workout 292",2020/04/16,Run,training,,4732,5.454,0:27'15",4'59",,173,113,316,156,,,,,,3.5,41,71
"workout 293",2020/04/17,Run,training,,5060,5.649,0:29'18",5'11",,172,110,324,150,,,,,,3.4,81,191
"workout 294",2020/04/19,Run,training,,10247,11.769,1:1'26",5'13",,166,110,691,154,,,,,,4.4,116,124
"workout 295",2020/04/21,Run,training,,4890,5.843,0:28'8",4'48",,173,116,312,152,,,,,,3.5,113,142
"workout 296",2020/04/22,Run,training,,5079,5.611,0:30'45",5'28",,165,104,303,141,,,,,,3.0,75,64
"workout 297",2020/04/23,Run,training,,5077,5.785,0:29'1",5'0",,174,112,303,146,,,,,,3.2,94,95
"workout 298",2020/04/24,Run,training,,4842,5.624,0:27'59",4'58",,172,113,296,147,,,,,,3.2,50,57
"workout 299",2020/04/25,Run,training,,10410,11.982,1:1'10",5'6",,170,113,687,153,,,,,,4.3,101,122
"workout 300",2020/04/26,Run,training,,4967,5.063,0:30'22",5'59",,163,99,274,133,,,,,,2.6,76,110
"workout 301",2020/04/27,Run,training,,4899,5.727,0:28'17",4'56",,172,111,296,146,,,,,,3.2,61,90
"workout 302",2020/04/28,Run,training,,4914,5.693,0:28'51",5'4",,170,112,300,145,,,,,,3.2,70,54
"workout 303",2020/04/29,Run,training,,4980,5.915,0:28'55",4'53",,172,113,316,149,,,,,,3.3,76,96
"workout 304",2020/04/30,Run,training,,4860,5.765,0:28'3",4'51",,173,116,292,145,,,,,,3.2,69,64
"workout 305",2020/05/01,Run,training,,4916,5.766,0:28'23",4'55",,173,114,291,144,,,,,,3.1,42,59
"workout 306",2020/05/02,Run,training,,10429,11.723,1:0'36",5'10",,172,112,621,144,,,,,,3.7,75,99
"workout 307",2020/05/03,Run,training,,9186,10.014,0:54'17",5'25",,169,108,513,136,,,,,,3.1,86,108
"workout 308",2020/05/04,Run,training,,1023,1.169,0:5'53",5'1",,173,112,54,133,,,,,,1.4,,
"workout 309",2020/05/05,Run,training,,4906,5.738,0:30'58",5'23",,158,104,311,140,,,,,,3.0,78,85
"workout 310",2020/05/06,Run,training,,4905,5.737,0:28'17",4'55",,173,114,305,145,,,,,,3.1,66,89
"workout 311",2020/05/07,Run,training,,4940,5.758,0:28'33",4'57",,172,113,298,141,,,,,,3.0,57,62
"workout 312",2020/05/08,Run,training,,4974,5.778,0:28'50",4'59",,172,112,295,137,,,,,,3.0,72,61
"workout 313",2020/05/09,Run,training,,4904,5.69,0:28'19",4'58",,173,114,294,141,,,,,,3.1,43,59
"workout 315",2020/05/10,Walk,training,,5330,4.04,0:46'6",11'24",,115,73,360,125,,,,,,2.1,124,119
"workout 314",2020/05/10,Run,training,,1351,1.521,0:8'0",5'15",,168,110,78,129,,,,,,1.2,18,18
"workout 316",2020/05/11,Run,training,,4720,5.752,0:27'17",4'44",,172,118,300,146,,,,,,3.2,47,68
"workout 317",2020/05/12,Run,training,,4670,5.684,0:27'3",4'45",,172,116,325,155,,,,,,3.6,58,43
"workout 318",2020/05/13,Run,training,,4951,5.79,0:28'48",4'58",,171,114,302,142,,,,,,3.1,44,55
"workout 319",2020/05/14,Run,training,,4808,5.78,0:27'41",4'47",,173,116,297,144,,,,,,3.1,51,67
"workout 320",2020/05/15,Run,training,,4754,5.735,0:27'30",4'47",,172,118,298,145,,,,,,3.2,43,72
"workout 321",2020/05/17,Run,training,,9284,10.666,0:53'51",5'2",,172,112,574,143,,,,,,3.5,131,138
"workout 322",2020/05/18,Run,training,,4733,5.709,0:27'15",4'46",,173,117,299,146,,,,,,3.2,58,49
"workout 323",2020/05/19,Run,training,,4938,5.751,0:28'32",4'57",,172,113,299,142,,,,,,3.1,66,49
"workout 324",2020/05/20,Run,training,,4699,5.699,0:27'0",4'44",,173,116,304,148,,,,,,3.2,60,80
"workout 325",2020/05/21,Run,training,,4778,5.708,0:27'34",4'49",,173,116,305,146,,,,,,3.2,38,36
"workout 326",2020/05/23,Run,training,,4809,5.77,0:27'52",4'49",,172,116,303,145,,,,,,3.1,70,46
"workout 327",2020/05/24,Run,training,,6204,6.811,0:36'54",5'25",,167,108,379,139,,,,,,3.2,78,76
"workout 328",2020/05/25,Run,training,,4970,5.72,0:29'6",5'5",,170,111,315,144,,,,,,3.1,91,101
"workout 329",2020/05/26,Run,training,,4699,5.621,0:27'29",4'53",,170,116,310,148,,,,,,3.2,42,52
"workout 330",2020/05/27,Run,training,,4850,5.659,0:28'13",4'59",,171,114,298,141,,,,,,3.1,45,34
"workout 331",2020/05/28,Run,training,,4810,5.708,0:27'56",4'53",,172,117,302,144,,,,,,3.2,63,62
"workout 332",2020/05/29,Run,training,,4703,5.791,0:27'7",4'40",,173,119,297,145,,,,,,3.2,62,56
"workout 333",2020/05/30,Run,training,,9164,10.695,0:53'24",4'59",,171,113,562,144,,,,,,3.7,109,80
"workout 334",2020/05/31,Run,training,,1301,1.505,0:7'37",5'3",,170,112,85,149,,,,,,2.2,13,67
"workout 335",2020/06/02,Run,training,,4842,5.747,0:28'19",4'55",,170,116,308,145,,,,,,3.2,58,36
"workout 336",2020/06/06,Run,training,,4672,5.749,0:26'59",4'41",,172,117,300,147,,,,,,3.3,69,54
"workout 338",2020/06/07,Run,training,,4517,5.042,0:26'53",5'19",,167,109,261,133,,,,,,2.6,73,69
"workout 337",2020/06/07,Walk,training,,1028,0.717,0:9'19",12'59",,110,68,54,98,,,,,,0.2,21,33
"workout 339",2020/06/10,Run,training,,4739,5.723,0:27'42",4'50",,170,119,295,145,,,,,,3.2,61,77
"workout 340",2020/06/11,Run,training,,4767,5.764,0:27'47",4'49",,171,115,293,144,,,,,,3.2,60,61
"workout 341",2020/06/15,Run,training,,4721,5.738,0:27'28",4'47",,171,119,297,147,,,,,,3.3,69,78
"workout 342",2020/06/20,Run,training,,9285,10.65,0:54'50",5'8",,169,113,603,149,,,,,,4.3,111,117
"workout 343",2020/06/21,Run,training,,4845,5.313,0:29'6",5'28",,166,108,278,136,,,,,,3.0,46,75
"workout 345",2020/06/24,Run,training,,4907,5.674,0:28'46",5'4",,170,112,301,142,,,,,,3.3,111,131
"workout 344",2020/06/27,Run,training,,9300,10.66,0:54'50",5'8",,169,113,633,152,,,,,,4.9,96,113
"workout 346",2020/06/28,Run,training,,5754,6.348,0:34'44",5'28",,165,108,376,144,,,,,,3.5,72,77
"workout 347",2020/07/01,Run,training,,4805,5.767,0:27'53",4'50",,172,115,317,149,,,,,,3.5,67,90
"workout 348",2020/07/03,Run,training,,9119,10.631,0:53'35",5'2",,170,114,649,156,,,,,,5.0,101,118
"workout 349",2020/07/05,Run,training,,5144,5.629,0:30'48",5'28",,166,110,313,138,,,,,,3.1,72,61
"workout 351",2020/07/06,Run,training,,3566,4.043,0:21'6",5'13",,168,111,225,143,,,,,,3.0,56,30
"workout 350",2020/07/06,Walk,training,,1598,1.187,0:15'12",12'48",,105,69,100,106,,,,,,0.6,32,44
"workout 352",2020/07/08,Run,training,,5216,5.701,0:31'16",5'29",,166,109,338,144,,,,,,3.3,64,71
"workout 353",2020/07/12,Run,training,,5580,6.263,0:33'5",5'16",,168,110,331,136,,,,,,3.1,73,84
"workout 355",2020/07/16,Run,training,,9289,10.563,0:54'50",5'11",,169,112,598,145,,,,,,4.0,115,128
"workout 354",2020/07/17,Run,training,,5185,5.79,0:30'33",5'16",,169,110,308,137,,,,,,3.1,42,56
"workout 356",2020/07/18,Run,training,,4868,5.57,0:28'36",5'8",,169,113,305,142,,,,,,3.2,87,61
"workout 357",2020/07/19,Run,training,,5246,5.757,0:31'3",5'23",,168,108,311,136,,,,,,3.1,86,85
"workout 358",2020/07/20,Run,training,,4898,5.776,0:28'30",4'56",,171,114,321,148,,,,,,3.4,71,54
"workout 359",2020/07/21,Run,training,,4980,5.79,0:29'8",5'1",,170,113,317,144,,,,,,3.3,74,79
"workout 360",2020/07/23,Run,training,,5182,5.66,0:30'46",5'26",,168,109,322,141,,,,,,3.2,72,101
"workout 361",2020/07/24,Run,training,,4508,5.342,0:26'17",4'55",,171,115,297,148,,,,,,3.3,71,70
"workout 362",2020/07/26,Run,training,,4667,5.492,0:27'26",4'59",,169,115,302,146,,,,,,3.3,84,96
"workout 363",2020/07/29,Run,training,,4933,5.683,0:28'37",5'2",,172,113,308,143,,,,,,3.2,45,75
"workout 364",2020/08/01,Run,training,,4697,5.719,0:27'18",4'46",,171,119,323,153,,,,,,3.6,91,73
"workout 365",2020/08/02,Run,training,,6190,6.582,0:36'52",5'36",,167,107,365,135,,,,,,3.2,113,140
"workout 366",2020/08/04,Run,training,,4922,5.645,0:29'12",5'10",,168,111,313,143,,,,,,3.3,52,88
"workout 367",2020/08/06,Run,training,,9377,10.605,0:55'3",5'11",,170,111,635,151,,,,,,4.6,108,136
"workout 368",2020/08/07,Run,training,,5110,5.759,0:29'52",5'11",,171,110,315,142,,,,,,3.3,72,93
"workout 369",2020/08/08,Run,training,,9831,10.662,0:58'21",5'28",,168,106,611,141,,,,,,3.7,146,169
"workout 370",2020/08/09,Run,training,,5228,6.054,0:30'48",5'5",,169,112,324,141,,,,,,3.2,72,90
"workout 371",2020/08/10,Run,training,,9301,10.565,0:54'35",5'9",,170,111,601,146,,,,,,3.8,151,139
"workout 372",2020/08/11,Run,training,,11946,13.142,1:10'32",5'22",,169,107,772,146,,,,,,4.2,162,171
"workout 373",2020/08/12,Run,training,,5517,6.048,0:32'24",5'21",,170,107,334,139,,,,,,3.1,72,65
"workout 374",2020/08/13,Run,training,,5264,5.775,0:31'13",5'24",,168,108,313,137,,,,,,3.0,74,86
"workout 375",2020/08/14,Run,training,,9716,10.697,0:57'51",5'24",,167,107,621,142,,,,,,3.6,118,104
"workout 376",2020/08/15,Run,training,,5186,5.728,0:30'34",5'20",,169,108,315,137,,,,,,3.0,72,75
"workout 377",2020/08/16,Run,training,,5328,5.794,0:31'20",5'24",,169,106,312,134,,,,,,2.9,77,74
"workout 378",2020/08/19,Run,training,,4978,5.761,0:29'8",5'3",,170,112,309,140,,,,,,3.1,56,68
"workout 379",2020/08/22,Run,training,,9669,10.637,0:57'6",5'22",,169,108,629,143,,,,,,3.7,111,131
"workout 380",2020/08/23,Run,training,,9603,10.54,0:56'30",5'21",,169,107,586,137,,,,,,3.2,125,115
"workout 381",2020/08/24,Run,training,,4848,5.73,0:27'55",4'52",,173,113,317,146,,,,,,3.3,101,78
"workout 382",2020/08/27,Run,training,,5081,5.753,0:29'44",5'10",,170,111,323,141,,,,,,3.2,72,69
"workout 383",2020/08/29,Run,training,,5110,5.679,0:30'18",5'20",,168,108,312,136,,,,,,3.0,79,80
"workout 384",2020/08/30,Run,training,,4856,5.771,0:28'6",4'52",,172,115,322,147,,,,,,3.3,108,59
"workout 385",2020/09/02,Run,training,,4845,5.723,0:28'26",4'58",,170,114,336,150,,,,,,3.5,83,110
"workout 386",2020/09/03,Run,training,,5379,5.818,0:33'4",5'41",,162,104,360,142,,,,,,3.3,66,68
"workout 387",2020/09/04,Run,training,,5197,5.754,0:30'41",5'19",,169,108,349,146,,,,,,3.4,95,85
"workout 388",2020/09/05,Run,training,,9569,10.664,0:56'9",5'15",,170,109,664,151,,,,,,4.3,127,118
"workout 389",2020/09/06,Run,training,,14431,15.501,1:25'34",5'31",,168,106,955,145,,,,,,4.3,178,180
"workout 390",2020/09/08,Run,training,,4852,5.696,0:28'16",4'57",,171,114,332,150,,,,,,3.4,91,91
"workout 391",2020/09/11,Run,training,,4914,5.753,0:28'45",4'59",,170,113,330,147,,,,,,3.3,86,74
"workout 392",2020/09/12,Run,training,,9689,10.67,0:57'18",5'22",,168,108,664,148,,,,,,4.4,125,103
"workout 393",2020/09/13,Run,training,,9621,10.643,0:57'33",5'24",,167,108,661,147,,,,,,3.7,192,197
"workout 394",2020/09/15,Run,training,,4827,5.706,0:28'10",4'56",,171,117,321,147,,,,,,3.3,42,62
"workout 395",2020/09/16,Run,training,,4895,5.76,0:28'33",4'57",,171,115,324,146,,,,,,3.3,57,71
"workout 396",2020/09/19,Run,training,,13821,15.469,1:21'13",5'15",,170,110,886,142,,,,,,3.7,153,188
"workout 397",2020/09/20,Run,training,,9139,10.197,0:53'29",5'14",,170,110,561,138,,,,,,3.3,109,128
"workout 398",2020/09/21,Run,training,,11218,13.052,1:4'54",4'58",,172,114,724,144,,,,,,3.9,148,116
"workout 399",2020/09/22,Run,training,,9765,11.218,0:57'20",5'6",,170,112,632,143,,,,,,3.6,106,104
"workout 400",2020/09/26,Run,training,,11504,13.045,1:7'29",5'10",,170,111,757,145,,,,,,3.9,142,140
"workout 401",2020/09/27,Run,training,,11395,13.037,1:6'34",5'6",,171,112,818,153,,,,,,4.7,160,135
"workout 402",2020/09/30,Run,training,,7259,8.161,0:42'18",5'11",,171,110,455,139,,,,,,3.2,87,88
"workout 403",2020/10/01,Run,training,,6908,8.269,0:39'45",4'48",,173,117,466,150,,,,,,3.9,70,115
"workout 404",2020/10/03,Run,training,,11511,13.027,1:8'6",5'13",,168,110,779,145,,,,,,4.1,126,118
"workout 405",2020/10/04,Run,training,,12058,13.146,1:11'15",5'25",,169,108,743,135,,,,,,3.2,120,163
"workout 406",2020/10/06,Run,training,,6859,8.271,0:39'41",4'47",,172,116,461,146,,,,,,3.6,74,130
"workout 407",2020/10/07,Run,training,,7236,8.169,0:42'26",5'11",,170,111,463,140,,,,,,3.4,94,90
"workout 408",2020/10/11,Run,training,,10519,10.725,1:3'51",5'57",,164,101,607,127,,,,,,2.4,107,114
"workout 409",2020/10/13,Run,training,,6827,8.177,0:39'47",4'51",,171,115,480,151,,,,,,3.9,70,105
"workout 410",2020/10/16,Run,training,,7276,8.241,0:42'58",5'12",,169,109,448,135,,,,,,3.1,62,135
"workout 412",2020/10/18,Run,training,,1726,2.319,0:9'49",4'14",,175,129,107,163,,,,,,2.8,19,13
"workout 411",2020/10/18,Run,training,,1827,2.325,0:10'29",4'30",,174,122,141,166,,,,,,3.0,19,16
"workout 413",2020/10/18,Run,training,,1804,2.299,0:10'14",4'27",,175,124,129,159,,,,,,2.9,11,16
"workout 414",2020/10/18,Run,training,,1797,2.301,0:10'19",4'29",,173,122,113,134,,,,,,2.1,7,20
"workout 415",2020/10/18,Run,training,,1839,2.403,0:10'42",4'27",,171,125,179,136,,,,,,0.7,14,19
"workout 416",2020/10/20,Run,training,,6920,8.101,0:40'6",4'57",,172,115,465,146,,,,,,3.6,68,78
"workout 417",2020/10/22,Run,training,,7013,8.23,0:40'49",4'57",,171,114,520,157,,,,,,4.2,76,82
"workout 418",2020/10/24,Run,training,,11144,13.014,1:4'39",4'58",,172,115,760,148,,,,,,4.4,139,128
"workout 419",2020/10/25,Run,training,,21459,23.421,2:8'6",5'28",,167,106,1364,138,,,,,,3.1,237,246
"workout 420",2020/10/29,Run,training,,6922,8.222,0:40'12",4'53",,172,115,474,148,,,,,,3.7,89,91
"workout 421",2020/10/30,Run,training,,7075,8.272,0:41'6",4'58",,172,115,476,145,,,,,,3.7,81,77
"workout 422",2020/10/31,Run,training,,12361,13.219,1:12'27",5'28",,170,106,818,143,,,,,,3.6,115,142
"workout 423",2020/11/01,Run,training,,12248,13.2,1:11'41",5'25",,170,106,784,140,,,,,,3.8,136,159
"workout 424",2020/11/02,Run,training,,7420,8.181,0:43'26",5'18",,170,109,472,140,,,,,,3.3,64,58
"workout 425",2020/11/03,Run,training,,5494,5.758,0:33'31",5'49",,163,101,334,132,,,,,,2.7,63,154
"workout 426",2020/11/06,Run,training,,7273,8.275,0:42'21",5'7",,171,110,488,145,,,,,,3.6,60,166
"workout 427",2020/11/07,Run,training,,7470,8.217,0:44'0",5'21",,169,108,491,142,,,,,,3.5,94,72
"workout 428",2020/11/08,Run,training,,11936,13.088,1:11'19",5'26",,167,108,818,145,,,,,,4.0,119,129
"workout 429",2020/11/11,Run,training,,7125,8.244,0:41'3",4'58",,173,113,480,147,,,,,,3.7,79,94
"workout 430",2020/11/13,Run,training,,7397,8.253,0:43'22",5'15",,170,108,532,152,,,,,,3.8,66,197
"workout 431",2020/11/14,Run,training,,11871,13.027,1:9'10",5'18",,171,108,777,143,,,,,,3.8,128,126
"workout 432",2020/11/15,Run,training,,11732,13.08,1:8'2",5'12",,172,109,779,145,,,,,,3.8,94,309
"workout 433",2020/11/18,Run,training,,7358,8.207,0:42'27",5'10",,173,110,489,146,,,,,,3.6,65,83
"workout 434",2020/11/19,Run,training,,11567,13.045,1:7'24",5'10",,171,111,796,148,,,,,,4.3,137,122
"workout 435",2020/11/21,Run,training,,11589,13.172,1:7'22",5'6",,171,111,787,147,,,,,,4.1,141,153
"workout 436",2020/11/22,Run,training,,11544,13.142,1:6'22",5'3",,173,112,754,144,,,,,,3.8,126,181
"workout 437",2020/11/23,Run,training,,9945,10.709,0:58'10",5'25",,170,107,625,138,,,,,,3.2,123,137
"workout 438",2020/11/28,Run,training,,11755,13.089,1:8'7",5'12",,172,110,774,145,,,,,,4.0,125,135
"workout 439",2020/11/29,Run,training,,21009,22.97,2:3'28",5'22",,170,106,1449,149,,,,,,4.6,216,236
"workout 440",2020/12/02,Run,training,,7305,8.199,0:42'11",5'8",,173,110,476,144,,,,,,3.4,100,95
"workout 441",2020/12/05,Run,training,,11641,13.372,1:7'30",5'2",,172,112,823,153,,,,,,4.6,139,122
"workout 442",2020/12/06,Run,training,,11231,13.155,1:4'46",4'55",,173,115,780,151,,,,,,4.5,145,143
"workout 443",2020/12/08,Run,training,,7102,8.172,0:41'1",5'1",,173,113,472,146,,,,,,3.6,98,96
"workout 444",2020/12/09,Run,training,,7115,8.203,0:41'16",5'1",,172,112,476,147,,,,,,3.6,156,55
"workout 445",2020/12/11,Run,training,,7351,8.233,0:42'36",5'10",,172,110,484,145,,,,,,3.5,105,68
"workout 446",2020/12/12,Run,training,,11759,13.011,1:9'2",5'18",,170,108,824,151,,,,,,4.3,120,141
"workout 447",2020/12/13,Run,training,,20947,22.931,2:2'53",5'21",,170,106,1390,145,,,,,,3.8,217,210
"workout 448",2020/12/15,Run,training,,11747,13.118,1:7'48",5'10",,173,109,765,144,,,,,,3.7,169,109
"workout 449",2020/12/18,Run,training,,7427,8.167,0:42'47",5'14",,173,108,476,143,,,,,,3.4,66,79
"workout 450",2020/12/19,Run,training,,11654,13.225,1:7'5",5'4",,173,111,788,149,,,,,,4.2,107,143
"workout 451",2020/12/20,Run,training,,11666,13.168,1:6'57",5'5",,174,111,751,144,,,,,,3.9,119,110
"workout 452",2020/12/22,Run,training,,7224,8.225,0:41'20",5'1",,174,112,465,144,,,,,,3.4,61,77
"workout 453",2020/12/26,Run,training,,11616,13.157,1:7'18",5'6",,172,112,770,146,,,,,,4.0,107,112
"workout 454",2020/12/27,Run,training,,11503,13.143,1:7'31",5'8",,170,111,813,151,,,,,,4.1,156,129
"workout 455",2020/12/29,Run,training,,11887,13.158,1:9'18",5'16",,171,108,789,145,,,,,,4.0,142,147
"workout 456",2020/12/31,Run,training,,10628,10.692,1:3'33",5'56",,167,100,662,136,,,,,,3.0,129,110
"workout 457",2021/01/01,Run,training,,7490,8.117,0:42'57",5'17",,174,106,476,143,,,,,,3.4,84,79
"workout 458",2021/01/02,Run,training,,9624,10.017,0:55'34",5'32",,173,104,632,145,,,,,,3.8,,
"workout 459",2021/01/03,Run,training,,11371,13.054,1:5'26",5'0",,173,112,740,145,,,,,,3.7,187,206
"workout 460",2021/01/04,Run,training,,9708,10.685,0:56'42",5'18",,171,108,629,141,,,,,,3.4,122,95
"workout 461",2021/01/07,Run,training,,7616,8.209,0:45'3",5'29",,168,106,471,135,,,,,,2.9,66,71
"workout 462",2021/01/08,Run,training,,7260,8.178,0:41'59",5'8",,172,110,473,142,,,,,,3.3,88,85
"workout 463",2021/01/09,Run,training,,4913,5.772,0:28'5",4'51",,174,114,360,158,,,,"","",3.6,171,173
"workout 464",2021/01/10,Run,Half Marathon,,17683,20.817,1:41'41",4'53",,173,116,1288,159,,,,"","",5.0,161,175
"workout 465",2021/01/11,Run,training,,7948,8.238,0:46'57",5'41",,169,105,464,133,,,,,,2.8,92,92
"workout 466",2021/01/14,Run,training,,7090,8.161,0:40'53",5'0",,173,111,461,146,,,,,,3.5,85,96
"workout 467",2021/01/15,Run,training,,7207,8.216,0:41'23",5'2",,174,112,453,143,,,,,,3.4,73,71
"workout 468",2021/01/16,Run,training,,11423,13.117,1:6'13",5'2",,172,113,744,144,,,,,,3.9,154,176
"workout 469",2021/01/17,Run,training,,11506,13.171,1:6'30",5'2",,172,112,729,140,,,,,,3.5,163,162
"workout 470",2021/01/18,Run,training,,5078,5.781,0:29'23",5'4",,172,111,316,139,,,,,,3.0,53,116
"workout 471",2021/01/19,Run,training,,5460,5.745,0:31'50",5'32",,171,105,327,134,,,,,,2.7,88,51
"workout 472",2021/01/20,Run,training,,5086,5.728,0:29'21",5'7",,173,109,322,141,,,,,,3.1,52,57
"workout 473",2021/01/21,Run,training,,7111,8.225,0:40'55",4'58",,173,114,456,142,,,,,,3.4,77,77
"workout 474",2021/01/25,Run,training,,5145,5.778,0:30'40",5'18",,167,108,339,142,,,,,,3.1,43,55
"workout 475",2021/01/27,Run,training,,7151,8.145,0:41'44",5'7",,171,111,480,145,,,,,,3.6,120,81
"workout 476",2021/01/28,Run,training,,7018,8.134,0:40'31",4'58",,173,113,498,152,,,,,,3.8,130,132
"workout 477",2021/01/29,Run,training,,6989,8.167,0:40'40",4'58",,171,113,493,150,,,,,,3.7,117,112
"workout 478",2021/01/30,Run,training,,11698,13.095,1:8'35",5'14",,170,110,763,141,,,,,,3.6,131,144
"workout 479",2021/01/31,Run,training,,28497,30.415,2:52'46",5'40",,164,104,1969,144,,,,,,4.2,280,296
"workout 480",2021/02/01,Run,training,,7410,8.131,0:43'14",5'19",,171,108,470,138,,,,,,3.1,89,101
"workout 481",2021/02/03,Run,training,,11453,13.098,1:7'23",5'8",,169,111,779,145,,,,,,3.7,110,110
"workout 482",2021/02/04,Run,training,,7472,8.315,0:43'42",5'15",,170,108,475,139,,,,,,3.2,116,88
"workout 483",2021/02/05,Run,training,,7163,8.136,0:41'45",5'7",,171,110,466,141,,,,,,3.3,139,101
"workout 484",2021/02/07,Run,training,,5742,6.032,0:34'36",5'44",,165,103,333,127,,,,,,2.3,123,128
"workout 485",2021/02/08,Run,training,,7406,8.144,0:43'20",5'19",,170,108,469,138,,,,,,3.2,104,91
"workout 486",2021/02/09,Run,training,,7327,8.17,0:43'17",5'17",,169,109,478,140,,,,,,3.3,106,177
"workout 487",2021/02/11,Run,training,,13667,15.636,1:20'50",5'10",,169,112,932,145,,,,"","",3.8,181,198
"workout 488",2021/02/12,Run,training,,7229,8.225,0:42'26",5'9",,170,111,474,141,,,,,,3.3,106,96
"workout 489",2021/02/13,Run,training,,11475,13.204,1:7'13",5'5",,170,113,780,145,,,,,,4.0,113,111
"workout 490",2021/02/16,Run,training,,6998,8.226,0:40'51",4'57",,171,115,480,147,,,,,,3.6,106,121
"workout 491",2021/02/17,Run,training,,7182,8.184,0:41'52",5'6",,171,111,463,140,,,,,,3.3,90,98
"workout 492",2021/02/20,Run,training,,11530,13.17,1:7'58",5'9",,169,112,797,146,,,,,,3.9,137,143
"workout 493",2021/02/21,Run,training,,11763,13.171,1:9'0",5'14",,170,110,757,139,,,,,,3.3,155,260
"workout 494",2021/02/23,Run,training,,11393,13.147,1:6'40",5'4",,170,112,781,146,,,,,,4.0,148,140
"workout 495",2021/02/25,Run,training,,7079,8.211,0:41'27",5'2",,170,113,466,142,,,,,,3.3,129,136
"workout 496",2021/02/27,Run,training,,11449,13.139,1:7'20",5'7",,170,112,782,145,,,,,,3.9,105,122
"workout 497",2021/02/28,Run,training,,21238,22.934,2:5'56",5'29",,168,106,1344,137,,,,,,3.1,266,240
"workout 498",2021/03/02,Run,training,,1119,1.278,0:6'26",5'2",,173,110,75,146,,,,,,2.1,8,57
"workout 499",2021/03/04,Run,training,,7022,8.234,0:40'54",4'58",,171,115,465,143,,,,,,3.5,90,167
"workout 500",2021/03/06,Run,training,,11705,13.133,1:9'1",5'15",,169,110,798,145,,,,,,3.8,138,149
"workout 501",2021/03/07,Run,training,,11069,13.226,1:3'57",4'50",,173,116,765,149,,,,,,4.3,306,102
"workout 502",2021/03/09,Run,training,,6969,8.235,0:40'13",4'53",,173,116,466,145,,,,,,3.6,142,97
"workout 503",2021/03/12,Run,training,,6810,8.2,0:39'41",4'50",,171,117,476,149,,,,,,3.8,136,94
"workout 504",2021/03/14,Run,training,,13639,15.571,1:19'19",5'5",,171,112,926,146,,,,,,4.2,159,237
"workout 505",2021/03/16,Run,training,,6689,8.172,0:39'30",4'50",,169,119,488,152,,,,,,3.9,57,65
"workout 506",2021/03/19,Run,training,,7123,8.242,0:41'37",5'2",,171,114,474,143,,,,,,3.5,87,99
"workout 507",2021/03/20,Run,training,,13367,15.663,1:18'22",5'0",,170,114,950,150,,,,,,4.6,170,199
"workout 508",2021/03/23,Run,training,,6893,8.173,0:40'2",4'53",,172,116,472,147,,,,,,3.6,81,97
"workout 509",2021/03/24,Run,training,,7053,8.185,0:41'46",5'6",,168,114,472,142,,,,,,3.5,96,115
"workout 510",2021/03/26,Run,training,,5148,5.801,0:30'25",5'14",,169,110,321,136,,,,,,2.9,71,58
"workout 511",2021/03/27,Run,training,,26731,30.089,2:38'57",5'16",,168,113,2032,156,,,,,,5.0,192,201
"workout 512",2021/03/31,Run,training,,7108,8.216,0:43'1",5'14",,165,111,469,139,,,,,,3.2,92,84
"workout 513",2021/04/02,Run,training,,7209,8.268,0:42'34",5'8",,169,111,468,140,,,,,,3.4,101,128
"workout 514",2021/04/03,Run,training,,11644,13.233,1:9'29",5'15",,167,112,759,139,,,,,,3.5,141,157
"workout 515",2021/04/04,Run,training,,5380,5.75,0:32'14",5'36",,166,107,313,128,,,,,,2.3,74,121
"workout 516",2021/04/07,Run,training,,7168,8.219,0:42'8",5'7",,169,112,449,137,,,,,,3.2,87,128
"workout 517",2021/04/08,Run,training,,7133,8.201,0:41'50",5'6",,170,112,455,139,,,,,,3.3,258,269
"workout 518",2021/04/10,Run,training,,10842,13.097,1:3'15",4'49",,171,117,795,154,,,,,,4.9,141,144
"workout 519",2021/04/11,Run,training,,4765,5.814,0:27'47",4'46",,171,119,332,149,,,,,,3.3,172,61
"workout 520",2021/04/15,Run,training,,6800,8.192,0:39'37",4'50",,171,118,461,146,,,,,,3.6,69,160
"workout 521",2021/04/16,Run,training,,7104,8.273,0:42'1",5'4",,168,113,497,148,,,,,,3.7,76,106
"workout 522",2021/04/18,Run,training,,7615,8.251,0:45'59",5'34",,165,107,458,130,,,,,,2.8,101,96
"workout 523",2021/04/21,Run,training,,6834,8.157,0:40'17",4'56",,169,116,473,147,,,,,,3.6,77,95
"workout 524",2021/04/23,Run,training,,6897,8.215,0:41'5",5'0",,167,115,480,146,,,,,,3.6,58,75
"workout 525",2021/04/24,Run,training,,13525,15.579,1:19'43",5'7",,169,113,894,142,,,,,,3.8,178,180
"workout 526",2021/04/25,Run,training,,13677,15.647,1:21'36",5'12",,167,112,898,140,,,,,,3.7,168,149
"workout 527",2021/04/27,Run,training,,6710,8.176,0:39'11",4'47",,171,119,461,147,,,,,,3.6,79,114
"workout 528",2021/04/29,Run,training,,10059,10.6,1:1'39",5'48",,163,107,647,135,,,,,,2.9,127,132
"workout 529",2021/05/01,Run,training,,6950,8.16,0:40'33",4'58",,171,114,458,143,,,,,,3.5,104,117
"workout 530",2021/05/02,Run,training,,7202,8.243,0:41'53",5'4",,171,111,446,137,,,,,,3.2,114,113
"workout 531",2021/05/03,Run,training,,11199,13.015,1:5'25",5'1",,171,114,743,143,,,,,,3.9,173,168
"workout 532",2021/05/04,Run,training,,11955,13.405,1:10'17",5'14",,170,111,781,141,,,,,,3.6,124,116
"workout 533",2021/05/06,Run,training,,7106,8.185,0:41'40",5'5",,170,113,470,142,,,,,,3.4,81,97
"workout 534",2021/05/07,Run,training,,7424,8.139,0:44'23",5'27",,167,108,470,136,,,,,,3.1,118,101
"workout 535",2021/05/08,Run,training,,11475,13.046,1:7'36",5'10",,169,112,760,142,,,,,,3.7,131,118
"workout 536",2021/05/09,Run,training,,11747,13.08,1:9'9",5'17",,169,110,741,137,,,,,,3.2,184,157
"workout 537",2021/05/10,Run,training,,6981,8.204,0:40'15",4'54",,173,115,453,142,,,,,,3.4,92,89
"workout 538",2021/05/11,Run,training,,7076,8.244,0:41'21",5'0",,171,113,452,139,,,,,,3.2,91,93
"workout 539",2021/05/13,Run,training,,7055,8.272,0:43'45",5'17",,161,110,475,139,,,,,,3.3,114,108
"workout 540",2021/05/15,Run,training,,11608,13.102,1:8'24",5'13",,169,111,780,143,,,,,,3.9,117,147
"workout 541",2021/05/16,Run,training,,5985,6.058,0:36'0",5'56",,166,101,349,128,,,,,,2.3,80,75
"workout 542",2021/05/18,Run,training,,7414,8.181,0:44'17",5'24",,167,106,479,138,,,,,,3.2,105,118
"workout 543",2021/05/19,Run,training,,7327,8.185,0:43'25",5'18",,168,110,470,138,,,,,,3.2,94,93
"workout 544",2021/05/20,Run,training,,7480,8.211,0:44'12",5'22",,169,108,465,135,,,,,,3.0,73,98
"workout 545",2021/05/22,Run,training,,11720,13.139,1:9'36",5'17",,168,110,780,142,,,,,,3.5,176,208
"workout 546",2021/05/23,Run,training,,11550,13.133,1:7'47",5'9",,170,111,766,142,,,,,,3.6,163,154
"workout 547",2021/05/23,Walk,training,,6486,4.982,1:1'5",12'15",,106,67,351,93,,,,,,0.3,148,150
"workout 548",2021/05/24,Run,training,,7327,8.235,0:43'0",5'13",,170,109,463,142,,,,,,3.3,111,118
"workout 549",2021/05/25,Run,training,,7422,8.229,0:43'53",5'19",,169,109,447,136,,,,,,3.1,103,110
"workout 550",2021/05/26,Run,training,,7171,8.301,0:42'27",5'6",,168,111,461,143,,,,,,3.4,133,119
"workout 551",2021/05/28,Run,training,,6982,8.2,0:40'46",4'58",,171,115,449,144,,,,,,3.4,119,125
"workout 552",2021/05/29,Run,training,,12024,13.192,1:11'16",5'24",,168,108,760,141,,,,,,3.5,128,122
"workout 553",2021/05/30,Run,training,,21338,23.096,2:7'9",5'30",,167,106,1296,136,,,,,,3.1,200,217
"workout 554",2021/05/31,Run,training,,7353,8.237,0:42'57",5'12",,171,110,455,140,,,,,,3.3,149,116
"workout 555",2021/06/02,Run,training,,7232,8.155,0:42'50",5'15",,168,110,438,137,,,,,,3.1,112,143
"workout 556",2021/06/03,Run,training,,7446,8.272,0:44'20",5'21",,167,108,447,135,,,,,,3.1,96,96
"workout 557",2021/06/05,Run,training,,12306,13.072,1:13'15",5'36",,167,106,746,136,,,,,,3.1,271,248
"workout 558",2021/06/06,Run,training,,11847,13.214,1:10'19",5'19",,168,109,708,135,,,,,,3.2,139,162
"workout 559",2021/06/10,Run,training,,7262,8.223,0:43'9",5'14",,168,111,442,137,,,,,,3.2,80,91
"workout 560",2021/06/11,Run,training,,7321,8.219,0:43'52",5'20",,166,108,459,139,,,,,,3.3,77,78
"workout 561",2021/06/12,Run,training,,11393,13.09,1:7'25",5'9",,168,112,735,143,,,,,,3.9,131,161
"workout 562",2021/06/13,Run,training,,11895,13.272,1:10'53",5'20",,167,109,730,137,,,,,,3.1,141,1124
"workout 563",2021/06/13,Walk,training,,11602,9.182,1:52'14",12'13",,103,68,666,99,,,,,,0.9,296,269
"workout 564",2021/06/15,Run,training,,7473,8.23,0:45'21",5'30",,164,107,442,135,,,,,,3.0,87,99
"workout 565",2021/06/18,Run,training,,7260,8.267,0:43'6",5'12",,168,110,429,137,,,,,,3.1,112,79
"workout 566",2021/06/20,Run,training,,11440,13.225,1:7'19",5'5",,169,113,735,146,,,,,,4.1,150,126
"workout 567",2021/06/26,Run,training,,11442,12.369,1:9'19",5'36",,164,109,706,139,,,,,,3.6,124,140
"workout 568",2021/06/26,Walk,training,,4825,3.426,0:49'5",14'19",,98,51,206,88,,,,,,0.2,127,176
"workout 569",2021/06/27,Run,training,,21232,23.02,2:8'45",5'35",,164,106,1287,140,,,,,,3.5,243,222
"workout 570",2021/06/30,Run,training,,7333,8.265,0:43'33",5'16",,168,109,422,137,,,,,,3.3,114,124
"workout 571",2021/07/03,Run,training,,12330,13.047,1:15'4",5'45",,164,104,800,146,,,,,,4.3,200,184
"workout 572",2021/07/04,Run,training,,12254,13.199,1:14'35",5'39",,164,104,747,140,,,,,,3.5,125,161
"workout 573",2021/07/07,Run,training,,7633,8.175,0:45'46",5'35",,166,105,452,135,,,,,,3.1,110,102
"workout 574",2021/07/09,Run,training,,7467,8.208,0:44'57",5'28",,166,107,492,145,,,,,,3.8,96,88
"workout 575",2021/07/10,Run,training,,9917,10.69,1:0'55",5'41",,162,104,654,144,,,,,,3.9,108,114
"workout 576",2021/07/11,Run,training,,5141,5.761,0:30'28",5'17",,168,110,307,137,,,,,,3.2,113,120
"workout 577",2021/07/14,Run,training,,7465,8.203,0:44'49",5'27",,166,107,453,137,,,,,,3.3,89,94
"workout 578",2021/07/17,Run,training,,12149,13.136,1:15'26",5'44",,160,104,819,145,,,,,,4.0,169,190
"workout 579",2021/07/18,Run,training,,12013,13.258,1:13'6",5'30",,164,106,759,141,,,,,,3.7,193,126
"workout 580",2021/07/24,Run,training,,12227,13.129,1:15'26",5'44",,162,103,809,144,,,,,,4.3,174,196
"workout 581",2021/07/25,Run,training,,12032,13.084,1:13'22",5'36",,163,105,782,143,,,,,,4.0,196,191
"workout 582",2021/07/30,Run,training,,7607,8.227,0:45'55",5'34",,165,106,476,140,,,,,,3.5,167,143
"workout 583",2021/08/01,Run,training,,5201,5.793,0:32'13",5'33",,161,105,322,138,,,,,,3.2,85,80
"workout 584",2021/08/03,Run,training,,5145,5.714,0:31'21",5'29",,163,106,341,145,,,,,,3.4,88,81
"workout 585",2021/08/04,Run,training,,5285,5.739,0:31'42",5'31",,166,105,331,141,,,,,,3.3,88,66
"workout 586",2021/08/07,Run,training,,7544,8.208,0:45'55",5'35",,164,105,525,150,,,,,,4.3,76,83
"workout 587",2021/08/08,Run,training,,9797,10.728,0:59'56",5'35",,163,105,636,143,,,,,,3.9,111,125
"workout 588",2021/08/09,Run,training,,10128,10.698,1:3'17",5'54",,160,101,652,140,,,,,,3.7,143,153
"workout 589",2021/08/16,Run,training,,12053,13.134,1:14'46",5'41",,161,103,762,139,,,,,,3.7,177,184
"workout 590",2021/08/18,Walk,training,,3147,2.476,0:31'5",12'33",,101,75,152,89,,,,"","",0.5,78,71
"workout 591",2021/08/19,Walk,training,,3248,2.42,0:29'16",12'5",,110,71,130,85,,,,"","",0.2,91,98
"workout 592",2021/08/20,Run,training,,7016,8.23,0:41'51",5'5",,167,113,466,147,,,,,,3.9,193,69
"workout 593",2021/08/21,Run,training,,9626,10.723,0:58'24",5'26",,164,107,630,144,,,,,,4.1,92,119
"workout 594",2021/08/22,Run,training,,10067,11.017,1:0'39",5'30",,165,108,628,140,,,,,,3.8,111,113
"workout 595",2021/08/24,Run,training,,7176,8.18,0:43'23",5'18",,165,111,477,146,,,,,,3.9,66,94
"workout 596",2021/08/25,Run,training,,7501,8.233,0:45'1",5'28",,166,108,468,140,,,,,,3.6,90,118
"workout 597",2021/08/27,Run,training,,7403,8.226,0:44'34",5'25",,165,110,513,151,,,,,,4.2,124,86
"workout 598",2021/08/28,Run,training,,12542,13.175,1:18'7",5'55",,160,101,843,145,,,,,,4.1,160,145
"workout 599",2021/08/29,Run,training,,12146,13.17,1:14'15",5'38",,163,105,799,144,,,,,,4.0,157,140
"workout 600",2021/08/30,Run,training,,7842,8.218,0:47'43",5'48",,164,103,483,138,,,,,,3.3,102,111
"workout 601",2021/08/31,Run,training,,7439,8.221,0:45'24",5'31",,163,106,480,142,,,,,,3.4,106,95
"workout 602",2021/09/01,Run,training,,4806,5.848,0:28'34",4'53",,168,116,313,145,,,,,,3.3,89,66
"workout 603",2021/09/02,Walk,training,,3097,2.35,0:28'54",12'18",,107,72,133,88,,,,,,0.2,75,95
"workout 604",2021/09/03,Run,training,,7379,8.278,0:44'13",5'20",,166,110,444,138,,,,,,3.3,89,99
"workout 605",2021/09/05,Run,training,,5296,5.733,0:31'46",5'32",,166,107,292,130,,,,,,2.7,67,113
"workout 606",2021/09/06,Run,training,,7398,8.211,0:44'3",5'21",,167,109,446,139,,,,,,3.3,67,112
"workout 607",2021/09/07,Run,training,,7288,8.191,0:43'17",5'17",,168,110,450,141,,,,,,3.5,67,93
"workout 608",2021/09/08,Walk,training,,2067,1.58,0:18'23",11'38",,112,70,103,97,,,,,,0.6,38,43
"workout 609",2021/09/09,Walk,training,,1769,1.339,0:15'23",11'29",,114,73,80,93,,,,,,0.2,49,51
"workout 610",2021/09/10,Run,training,,7224,8.289,0:42'52",5'10",,168,112,440,142,,,,,,3.5,96,86
"workout 611",2021/09/11,Run,training,,5396,5.745,0:34'6",5'56",,158,102,311,132,,,,,,2.7,54,61
"workout 612",2021/09/12,Run,training,,14082,15.619,1:24'11",5'23",,167,108,855,141,,,,,,3.8,157,167
"workout 613",2021/09/19,Run,training,,11817,13.118,1:11'48",5'28",,164,109,704,138,,,,,,3.4,122,140
"workout 614",2021/09/20,Run,training,,10230,10.682,1:2'1",5'48",,164,104,563,131,,,,,,2.9,102,94
"workout 615",2021/09/21,Run,training,,7075,8.221,0:42'5",5'7",,167,112,442,144,,,,,,3.6,117,82
"workout 616",2021/09/22,Walk,training,,1330,1.078,0:11'30",10'40",,115,78,61,96,,,,"","",0.2,36,32
"workout 617",2021/09/23,Run,training,,11828,13.553,1:10'34",5'12",,167,112,717,141,,,,,,3.8,138,148
"workout 618",2021/09/24,Run,training,,7087,8.288,0:41'46",5'2",,169,115,443,145,,,,,,3.8,85,73
"workout 619",2021/09/25,Run,training,,12521,13.551,1:16'34",5'39",,163,106,758,139,,,,,,3.6,148,138
"workout 620",2021/09/26,Run,training,,12488,13.786,1:16'33",5'33",,163,106,751,138,,,,,,3.4,134,139
